kmer	target_frequency	target_rank_percentile	selected_KRS	mirna_family	seed_rna	target_kmer	target_rna	mirnas	accessions
AAAATCC	0.00878972278566599	0.9995431703974418	True	miR-1290	GGAUUUU	AAAATCC	AAAAUCC	hsa-miR-1290	MIMAT0005880
AAGCCAT	0.002704530087897228	0.9744642042863657	True	miR-135-5p	AUGGCUU	AAGCCAT	AAGCCAU	hsa-miR-135a-5p;hsa-miR-135b-5p	MIMAT0000428;MIMAT0000758
AAGTCTT	0.0033806626098715348	0.988191089640365	True	miR-8087	AAGACUU	AAGTCTT	AAGUCUU	hsa-miR-8087	MIMAT0031014
AATCCAC	0.005409060175794456	0.9986062717770035	True	miR-8056	GUGGAUU	AATCCAC	AAUCCAC	hsa-miR-8056	MIMAT0030983
AATCCAG	0.004732927653820149	0.9971098265895953	True	miR-378j/6839-5p	CUGGAUU	AATCCAG	AAUCCAG	hsa-miR-378j;hsa-miR-6839-5p	MIMAT0024612;MIMAT0027580
AATCCAT	0.005409060175794456	0.9974651457541192	True	miR-1246	AUGGAUU	AATCCAT	AAUCCAU	hsa-miR-1246	MIMAT0005898
ATCCATG	0.0067613252197430695	1.0	True	miR-490-5p	CAUGGAU	ATCCATG	AUCCAUG	hsa-miR-490-5p	MIMAT0004764
ATGTCTT	0.012846517917511832	1.0	True	miR-641/3617-5p	AAGACAU	ATGTCTT	AUGUCUU	hsa-miR-3617-5p;hsa-miR-641	MIMAT0003311;MIMAT0017997
CAAAGGT	0.002704530087897228	0.9782067247820673	True	miR-6782-3p	ACCUUUG	CAAAGGT	CAAAGGU	hsa-miR-6782-3p	MIMAT0027465
CACGTCT	0.005409060175794456	1.0	True	miR-6863	AGACGUG	CACGTCT	CACGUCU	hsa-miR-6863	MIMAT0027627
CCAGGTC	0.004732927653820149	0.9979002624671915	True	miR-631/3661	GACCUGG	CCAGGTC	CCAGGUC	hsa-miR-3661;hsa-miR-631	MIMAT0003300;MIMAT0018082
GAAATCC	0.0033806626098715348	0.9857712009106432	True	miR-876-5p	GGAUUUC	GAAATCC	GAAAUCC	hsa-miR-3167;hsa-miR-876-5p	MIMAT0004924;MIMAT0015042
GCCATGT	0.002704530087897228	0.9706871696299856	True	miR-942-3p	ACAUGGC	GCCATGT	GCCAUGU	hsa-miR-942-3p	MIMAT0026734
GTCTTCC	0.045300878972278566	1.0	True	miR-7-5p	GGAAGAC	GTCTTCC	GUCUUCC	hsa-miR-7-5p	MIMAT0000252
TCCAGGT	0.004732927653820149	0.9990675990675991	True	miR-619-3p	ACCUGGA	TCCAGGT	UCCAGGU	hsa-miR-619-3p	MIMAT0003288
TCCATGT	0.0067613252197430695	1.0	True	miR-4802-3p	ACAUGGA	TCCATGT	UCCAUGU	hsa-miR-4802-3p	MIMAT0019982
TTCCAGA	0.012846517917511832	1.0	True	miR-1299	UCUGGAA	TTCCAGA	UUCCAGA	hsa-miR-1299	MIMAT0005887
