kmer	target_frequency	target_rank_percentile	selected_KRS	target_count	nonzero_population
AAAAAAG	0.000676132521974307	0.47467792092403377	False	1	4502
AAAAAAT	0.001352265043948614	0.7147906976744186	False	2	5375
AAAAAGC	0.000676132521974307	0.5745845921450151	False	1	2648
AAAAATC	0.004056795131845842	0.9927200529450695	True	6	3022
AAAAGCC	0.000676132521974307	0.5867003367003367	False	1	2376
AAAATAT	0.000676132521974307	0.46337389644476257	False	1	4191
AAAATCC	0.00878972278566599	0.9995431703974418	True	13	2189
AAAATCT	0.002704530087897228	0.9744771357674583	True	4	2821
AAAGAAA	0.001352265043948614	0.6581275033377837	False	2	5992
AAAGCCA	0.002028397565922921	0.9156843483955468	False	3	3054
AAAGGTA	0.002704530087897228	0.9825783972125436	True	4	1435
AAATACA	0.000676132521974307	0.5291019225704503	False	1	3797
AAATATA	0.000676132521974307	0.5185845970859352	False	1	3363
AAATCAA	0.000676132521974307	0.549093397194663	False	1	2923
AAATCCA	0.013522650439486139	1.0	True	20	2404
AAATCCG	0.002028397565922921	0.9076517150395779	False	3	379
AAATCCT	0.001352265043948614	0.7970021413276231	False	2	2335
AAATCTA	0.0033806626098715348	0.9931830099632931	True	5	1907
AAATCTG	0.000676132521974307	0.591828312009905	False	1	2423
AAATTAA	0.000676132521974307	0.5186968838526912	False	1	3530
AACAAAG	0.004056795131845842	0.9945750452079566	True	6	2765
AACAAAT	0.000676132521974307	0.5609423011266644	False	1	2929
AACAACT	0.001352265043948614	0.7941018766756032	False	2	1865
AACAATC	0.000676132521974307	0.6197411003236246	False	1	1236
AACATCT	0.000676132521974307	0.5873452544704264	False	1	2181
AACCAAG	0.000676132521974307	0.5935251798561151	False	1	1946
AACCTCC	0.000676132521974307	0.5803221593382673	False	1	2297
AACGTCT	0.000676132521974307	0.5967078189300411	False	1	486
AACTAAG	0.000676132521974307	0.6506955177743431	False	1	1294
AACTACC	0.000676132521974307	0.6338329764453962	False	1	934
AACTCCG	0.000676132521974307	0.5764119601328903	False	1	602
AACTGGC	0.000676132521974307	0.6018276762402088	False	1	1532
AAGAAAT	0.001352265043948614	0.7616251761390324	False	2	4258
AAGAAGC	0.000676132521974307	0.5351449275362319	False	1	2760
AAGATCC	0.000676132521974307	0.6042136945071482	False	1	1329
AAGCCAT	0.002704530087897228	0.9744642042863657	True	4	2193
AAGCTAC	0.000676132521974307	0.6260089686098654	False	1	1115
AAGCTCC	0.000676132521974307	0.5931398416886543	False	1	1895
AAGGTAC	0.002028397565922921	0.9416767922235723	False	3	823
AAGGTAT	0.000676132521974307	0.6907593778591034	False	1	1093
AAGGTCT	0.002028397565922921	0.9292565947242206	False	3	1668
AAGTCCA	0.000676132521974307	0.6077777777777778	False	1	1800
AAGTCTT	0.0033806626098715348	0.988191089640365	True	5	1863
AATAATC	0.000676132521974307	0.631974921630094	False	1	1595
AATAATT	0.000676132521974307	0.5653419262441819	False	1	2793
AATACAG	0.000676132521974307	0.5977295162882527	False	1	2026
AATATAT	0.001352265043948614	0.7892246086639971	False	2	2747
AATATCC	0.001352265043948614	0.8433556050482554	False	2	1347
AATCAAG	0.000676132521974307	0.5988463555322496	False	1	1907
AATCAGT	0.001352265043948614	0.8404322949777495	False	2	1573
AATCCAA	0.001352265043948614	0.8173130972456436	False	2	1779
AATCCAC	0.005409060175794456	0.9986062717770035	True	8	1435
AATCCAG	0.004732927653820149	0.9971098265895953	True	7	2076
AATCCAT	0.005409060175794456	0.9974651457541192	True	8	1578
AATCCGG	0.000676132521974307	0.6411149825783972	False	1	287
AATCCGT	0.001352265043948614	0.8131487889273357	False	2	289
AATCCTG	0.000676132521974307	0.578582052553297	False	1	2017
AATCCTT	0.001352265043948614	0.8247305728871243	False	2	1763
AATCTAC	0.001352265043948614	0.8298230834035384	False	2	1187
AATCTAG	0.001352265043948614	0.8656126482213439	False	2	1012
AATCTAT	0.000676132521974307	0.652267818574514	False	1	1389
AATCTCA	0.000676132521974307	0.6023235031277927	False	1	2238
AATCTGT	0.000676132521974307	0.6278941565600882	False	1	1814
AATGGCC	0.000676132521974307	0.6181299072091363	False	1	1401
AATGTCT	0.000676132521974307	0.6152433425160698	False	1	2178
AATTAAT	0.000676132521974307	0.5975085910652921	False	1	2328
AATTACT	0.000676132521974307	0.6395216400911162	False	1	1756
AATTTCA	0.000676132521974307	0.5640933572710951	False	1	2785
AATTTGG	0.000676132521974307	0.6155729676787464	False	1	2042
ACAAAGC	0.001352265043948614	0.8026052104208417	False	2	1996
ACAAAGG	0.002704530087897228	0.9716404886561955	True	4	2292
ACAAATC	0.000676132521974307	0.6078688524590163	False	1	1525
ACAACTA	0.000676132521974307	0.6337662337662338	False	1	1155
ACAACTC	0.000676132521974307	0.591642228739003	False	1	1364
ACAATCC	0.002028397565922921	0.9257028112449799	False	3	996
ACAGATC	0.000676132521974307	0.6032110091743119	False	1	1308
ACATCTC	0.000676132521974307	0.5966239813736903	False	1	1718
ACATCTT	0.002028397565922921	0.9292403746097815	False	3	1922
ACATTCA	0.000676132521974307	0.6228287841191067	False	1	2015
ACCAAAT	0.002028397565922921	0.9229508196721311	False	3	1830
ACCAAGC	0.000676132521974307	0.6439606741573034	False	1	1424
ACCCAGT	0.000676132521974307	0.6439393939393939	False	1	1716
ACCTCCC	0.000676132521974307	0.5643954312721544	False	1	2539
ACCTGTG	0.000676132521974307	0.6089866156787763	False	1	2092
ACGTCTC	0.000676132521974307	0.5874439461883408	False	1	446
ACGTCTT	0.009465855307640297	1.0	True	14	454
ACTAAGC	0.000676132521974307	0.7100737100737101	False	1	814
ACTACCC	0.000676132521974307	0.6347262247838616	False	1	694
ACTATCC	0.001352265043948614	0.859481582537517	False	2	733
ACTCCGG	0.000676132521974307	0.5978835978835979	False	1	567
ACTGGCT	0.000676132521974307	0.6066699362432565	False	1	2039
ACTGGTC	0.000676132521974307	0.6434184675834971	False	1	1018
ACTTCAA	0.000676132521974307	0.5962006819288845	False	1	2053
ACTTGTG	0.000676132521974307	0.6501457725947521	False	1	1372
AGAAAAA	0.002028397565922921	0.8683651804670913	False	3	5652
AGAAAAT	0.0067613252197430695	0.9984595070422535	True	10	4544
AGAAAGA	0.001352265043948614	0.7136631074308128	False	2	4589
AGAAATC	0.001352265043948614	0.782757148954332	False	2	2343
AGAAGCT	0.000676132521974307	0.5368385800401876	False	1	2986
AGACAAT	0.000676132521974307	0.6175972927241963	False	1	1773
AGACTAT	0.001352265043948614	0.842203548085901	False	2	1071
AGATAAT	0.000676132521974307	0.6147997972630512	False	1	1973
AGATCCA	0.000676132521974307	0.6054878048780488	False	1	1640
AGATCTT	0.002028397565922921	0.9284897025171625	False	3	1748
AGCAAAT	0.001352265043948614	0.8118001722652886	False	2	2322
AGCAAGT	0.000676132521974307	0.6182117388919364	False	1	1823
AGCAATT	0.000676132521974307	0.6293604651162791	False	1	2064
AGCATCT	0.002704530087897228	0.9711060948081264	True	4	2215
AGCCAAT	0.000676132521974307	0.6314432989690721	False	1	1552
AGCCATG	0.002704530087897228	0.965221124946329	True	4	2329
AGCCTAC	0.000676132521974307	0.6575192096597146	False	1	911
AGCGACT	0.000676132521974307	0.5906735751295337	False	1	386
AGCTAAT	0.000676132521974307	0.6484375	False	1	1664
AGCTACG	0.000676132521974307	0.6708860759493671	False	1	316
AGCTCCA	0.000676132521974307	0.5519713261648745	False	1	2511
AGCTTCC	0.002028397565922921	0.9124027834629553	False	3	2443
AGGAAAA	0.000676132521974307	0.46616541353383456	False	1	4655
AGGAAAT	0.002028397565922921	0.9268839712918661	False	3	3344
AGGGCTT	0.000676132521974307	0.6255217650566488	False	1	1677
AGGTACG	0.002028397565922921	0.9	False	3	180
AGGTATG	0.000676132521974307	0.6854684512428298	False	1	1046
AGGTCTT	0.0074374577417173765	0.9993738259236068	True	11	1597
AGTAAAT	0.001352265043948614	0.830028328611898	False	2	2118
AGTAACC	0.000676132521974307	0.6252927400468384	False	1	854
AGTCAAT	0.002028397565922921	0.940809968847352	False	3	1284
AGTCAGT	0.001352265043948614	0.8306841741534209	False	2	1447
AGTCCAC	0.000676132521974307	0.6087321578505458	False	1	1191
AGTCTTC	0.005409060175794456	1.0	True	8	1764
AGTGTCT	0.002704530087897228	0.980412916887242	True	4	1889
AGTGTGC	0.000676132521974307	0.6497730711043873	False	1	1322
AGTTCTT	0.000676132521974307	0.6483290488431876	False	1	1945
ATAATCC	0.000676132521974307	0.6370481927710844	False	1	1328
ATAATCT	0.000676132521974307	0.6318124207858048	False	1	1578
ATAATTT	0.001352265043948614	0.8028600612870276	False	2	2937
ATACAGA	0.000676132521974307	0.6187759336099585	False	1	1928
ATAGCTT	0.001352265043948614	0.845724907063197	False	2	1076
ATATATG	0.001352265043948614	0.8212765957446808	False	2	1880
ATATCCA	0.001352265043948614	0.8385800401875418	False	2	1493
ATATCTC	0.000676132521974307	0.6610597140454163	False	1	1189
ATATGTC	0.001352265043948614	0.8374760994263862	False	2	1046
ATCAAAT	0.001352265043948614	0.8211752786220872	False	2	1974
ATCAACT	0.000676132521974307	0.6331316187594553	False	1	1322
ATCAAGT	0.000676132521974307	0.6482155863073562	False	1	1373
ATCAGTG	0.001352265043948614	0.8180169286577993	False	2	1654
ATCCAAG	0.001352265043948614	0.7992424242424242	False	2	1584
ATCCACA	0.002028397565922921	0.9335149863760218	False	3	1835
ATCCACG	0.004056795131845842	0.9979253112033195	True	6	482
ATCCAGA	0.000676132521974307	0.5909305621162022	False	1	2117
ATCCAGG	0.0033806626098715348	0.9886363636363636	True	5	2112
ATCCAGT	0.000676132521974307	0.6350267379679144	False	1	1496
ATCCATA	0.000676132521974307	0.6761583011583011	False	1	1036
ATCCATG	0.0067613252197430695	1.0	True	10	1581
ATCCGGG	0.000676132521974307	0.6703296703296703	False	1	364
ATCCGTG	0.001352265043948614	0.7953964194373402	False	2	391
ATCCTGA	0.000676132521974307	0.5939212755356253	False	1	2007
ATCCTTG	0.001352265043948614	0.8265931372549019	False	2	1632
ATCTACG	0.001352265043948614	0.8075117370892019	False	2	213
ATCTAGA	0.000676132521974307	0.6372795969773299	False	1	1191
ATCTAGT	0.000676132521974307	0.6682464454976303	False	1	844
ATCTATA	0.000676132521974307	0.6383890317052271	False	1	1167
ATCTCAA	0.000676132521974307	0.6128564523924601	False	1	2069
ATCTCCA	0.002028397565922921	0.917853962600178	False	3	2246
ATCTCTG	0.000676132521974307	0.583171772004653	False	1	2579
ATCTGCT	0.000676132521974307	0.5706440339490764	False	1	2003
ATCTGTG	0.000676132521974307	0.609325486645541	False	1	2209
ATCTTCA	0.000676132521974307	0.5846223839854413	False	1	2198
ATCTTCC	0.004056795131845842	0.9974345818368394	True	6	1949
ATCTTCT	0.000676132521974307	0.6114389468906037	False	1	2203
ATGGCAC	0.000676132521974307	0.6327608982826949	False	1	1514
ATGGCCT	0.000676132521974307	0.6069330199764983	False	1	1702
ATGTCTT	0.012846517917511832	1.0	True	19	1978
ATTAATG	0.000676132521974307	0.6379093198992444	False	1	1588
ATTACTG	0.000676132521974307	0.6548018804566823	False	1	1489
ATTCAGG	0.000676132521974307	0.6204128440366973	False	1	1744
ATTTCAA	0.000676132521974307	0.569078947368421	False	1	2736
ATTTGGG	0.000676132521974307	0.6295767950546838	False	1	2103
CAAAAAA	0.001352265043948614	0.7447118891320205	False	2	4113
CAAAGCC	0.001352265043948614	0.8085199824330259	False	2	2277
CAAAGGT	0.002704530087897228	0.9782067247820673	True	4	1606
CAAATAC	0.000676132521974307	0.6394230769230769	False	1	1664
CAAATCC	0.004732927653820149	1.0	True	7	1803
CAAATTA	0.000676132521974307	0.6190004948045522	False	1	2021
CAACAAA	0.004732927653820149	0.9969811320754717	True	7	2650
CAACAAC	0.001352265043948614	0.757496740547588	False	2	1534
CAACAAT	0.000676132521974307	0.627255756067206	False	1	1607
CAACATC	0.000676132521974307	0.5720720720720721	False	1	1554
CAACCAA	0.000676132521974307	0.5874831763122477	False	1	1486
CAACGTC	0.000676132521974307	0.6012084592145015	False	1	331
CAACTAA	0.000676132521974307	0.6323268206039077	False	1	1126
CAACTAC	0.000676132521974307	0.6500566251415628	False	1	883
CAACTCC	0.000676132521974307	0.579513299377476	False	1	1767
CAACTGG	0.000676132521974307	0.5836526181353767	False	1	1566
CAAGAAG	0.000676132521974307	0.5292561983471075	False	1	3025
CAAGCCA	0.000676132521974307	0.583029197080292	False	1	2192
CAAGGTC	0.002028397565922921	0.9295652173913044	False	3	1725
CAAGTCC	0.000676132521974307	0.6247422680412371	False	1	1455
CAAGTCT	0.0033806626098715348	0.9859327217125382	True	5	1635
CAATAAT	0.001352265043948614	0.8481091134531928	False	2	1613
CAATATA	0.000676132521974307	0.6569858712715856	False	1	1274
CAATATC	0.001352265043948614	0.8398058252427184	False	2	1030
CAATCAG	0.001352265043948614	0.8116560056858564	False	2	1407
CAATCCA	0.002704530087897228	0.9758454106280193	True	4	1242
CAATGGC	0.000676132521974307	0.6243127672571778	False	1	1637
CAATTAC	0.000676132521974307	0.6666666666666666	False	1	1044
CACATCT	0.002028397565922921	0.9229552643470402	False	3	2213
CACCAAA	0.002028397565922921	0.9232742537313433	False	3	2144
CACCTGT	0.000676132521974307	0.5904155746911269	False	1	2671
CACGTCT	0.005409060175794456	1.0	True	8	611
CAGAAAA	0.00878972278566599	0.9995327102803738	True	13	4280
CAGAAAG	0.001352265043948614	0.7680705748434832	False	2	3514
CAGACAA	0.000676132521974307	0.5887135341941655	False	1	2091
CAGACTA	0.001352265043948614	0.8261700095510984	False	2	1047
CAGATAA	0.000676132521974307	0.6101426307448494	False	1	1893
CAGATCT	0.001352265043948614	0.7979741136747327	False	2	1777
CAGCAAA	0.001352265043948614	0.7905495978552279	False	2	2984
CAGCAAG	0.000676132521974307	0.5260115606936416	False	1	2768
CAGCAAT	0.000676132521974307	0.6138107416879796	False	1	1955
CAGCATC	0.002704530087897228	0.9722682119205298	True	4	2416
CAGCCAA	0.000676132521974307	0.5682199832073888	False	1	2382
CAGCCTA	0.000676132521974307	0.6359536082474226	False	1	1552
CAGCGAC	0.000676132521974307	0.5565371024734982	False	1	566
CAGCTAA	0.000676132521974307	0.635036496350365	False	1	1918
CAGGAAA	0.002704530087897228	0.9663822084303078	True	4	3867
CAGGGCT	0.000676132521974307	0.556351300414625	False	1	2653
CAGGTCT	0.005409060175794456	0.9978483055406132	True	8	1859
CAGTAAA	0.001352265043948614	0.8154311649016641	False	2	1983
CAGTAAC	0.000676132521974307	0.6397569444444444	False	1	1152
CAGTCAA	0.002028397565922921	0.9272363150867824	False	3	1498
CAGTCAG	0.001352265043948614	0.8141493542953397	False	2	1781
CAGTCTT	0.002028397565922921	0.9412225705329154	False	3	1914
CAGTGTC	0.002704530087897228	0.976029181865555	True	4	1919
CAGTGTG	0.000676132521974307	0.6140808344198174	False	1	2301
CATAGCT	0.000676132521974307	0.671280276816609	False	1	1156
CATCAAA	0.001352265043948614	0.8081577767817122	False	2	2231
CATCAAC	0.000676132521974307	0.6144393241167435	False	1	1302
CATCTCC	0.001352265043948614	0.7857142857142857	False	2	2464
CATCTCT	0.000676132521974307	0.5781806409841372	False	1	3089
CATCTGC	0.000676132521974307	0.5561076604554865	False	1	2415
CATCTTC	0.002704530087897228	0.9643633202955237	True	4	2301
CATGTCT	0.010141987829614604	1.0	True	15	1697
CATTCAG	0.000676132521974307	0.6226221079691516	False	1	1945
CCAAAAA	0.001352265043948614	0.8159223300970874	False	2	2575
CCAAATC	0.002028397565922921	0.9380630630630631	False	3	1776
CCAACAA	0.0067613252197430695	1.0	True	10	1764
CCAACAT	0.000676132521974307	0.60872424375274	False	1	2281
CCAACCA	0.000676132521974307	0.6061801446416831	False	1	1521
CCAACGT	0.000676132521974307	0.627039627039627	False	1	429
CCAACTA	0.000676132521974307	0.6349036402569593	False	1	934
CCAAGAA	0.000676132521974307	0.539172831203766	False	1	2974
CCAAGCC	0.000676132521974307	0.5823331733077293	False	1	2083
CCAAGTC	0.002028397565922921	0.9251870324189526	False	3	1604
CCAATAA	0.001352265043948614	0.8155207624234173	False	2	1469
CCAATAT	0.000676132521974307	0.6837469975980784	False	1	1249
CCAATGG	0.000676132521974307	0.6379598662207357	False	1	1196
CCACATC	0.002028397565922921	0.9271099744245525	False	3	1955
CCACCAA	0.002028397565922921	0.9215969215969216	False	3	2079
CCACGTC	0.005409060175794456	1.0	True	8	674
CCAGAAA	0.010141987829614604	1.0	True	15	3304
CCAGACA	0.000676132521974307	0.5713664055700609	False	1	2298
CCAGACT	0.001352265043948614	0.8126520681265207	False	2	2055
CCAGATA	0.000676132521974307	0.6167832167832168	False	1	1430
CCAGATC	0.000676132521974307	0.6210384356035064	False	1	1483
CCAGCAA	0.002704530087897228	0.9699278267842822	True	4	2494
CCAGCAT	0.002704530087897228	0.9735864630623194	True	4	2423
CCAGCCA	0.000676132521974307	0.5059189109203907	False	1	3379
CCAGCCT	0.000676132521974307	0.42829258269981507	False	1	4867
CCAGCGA	0.000676132521974307	0.5678073510773131	False	1	789
CCAGCTA	0.000676132521974307	0.5913168281306064	False	1	2787
CCAGGAA	0.002704530087897228	0.9644054681454733	True	4	3877
CCAGGGC	0.000676132521974307	0.528169014084507	False	1	2840
CCAGGTC	0.004732927653820149	0.9979002624671915	True	7	1905
CCAGTAA	0.002028397565922921	0.9204892966360856	False	3	1308
CCAGTCA	0.002704530087897228	0.9744302390216787	True	4	1799
CCAGTCT	0.002028397565922921	0.9242982052462034	False	3	2173
CCAGTGT	0.001352265043948614	0.826792255363684	False	2	1911
CCATAGC	0.000676132521974307	0.6580427446569179	False	1	889
CCATCAA	0.002028397565922921	0.9322183098591549	False	3	1704
CCATGTC	0.009465855307640297	1.0	True	14	1499
CCCAACA	0.000676132521974307	0.5950054288816504	False	1	1842
CCCAGTC	0.001352265043948614	0.8164588528678304	False	2	2005
CCCTCAA	0.000676132521974307	0.6008403361344538	False	1	1666
CCCTTAA	0.000676132521974307	0.6332378223495702	False	1	1047
CCGAAAA	0.000676132521974307	0.6365853658536585	False	1	410
CCGATGG	0.000676132521974307	0.6398963730569949	False	1	386
CCGGAAA	0.000676132521974307	0.5387453874538746	False	1	542
CCGGACA	0.000676132521974307	0.5460122699386503	False	1	489
CCGGATA	0.000676132521974307	0.6130653266331658	False	1	199
CCGGGTC	0.001352265043948614	0.7944078947368421	False	2	608
CCGTGTC	0.001352265043948614	0.8071428571428572	False	2	560
CCTACTT	0.000676132521974307	0.6269470404984424	False	1	1284
CCTATAT	0.000676132521974307	0.7080820265379976	False	1	829
CCTCAAA	0.000676132521974307	0.6163849154746424	False	1	2307
CCTCCAG	0.000676132521974307	0.5008156606851549	False	1	3678
CCTCCCA	0.000676132521974307	0.4187275417459311	False	1	4731
CCTGAAA	0.000676132521974307	0.5628158844765343	False	1	2770
CCTGAAG	0.000676132521974307	0.5472088215024121	False	1	2902
CCTGAGC	0.000676132521974307	0.5409139213602551	False	1	2823
CCTGTGT	0.000676132521974307	0.6028728348119983	False	1	2367
CCTTAAA	0.000676132521974307	0.6435239206534422	False	1	1714
CCTTGTC	0.001352265043948614	0.8328095537397863	False	2	1591
CGAAAAA	0.000676132521974307	0.6	False	1	430
CGACTTC	0.000676132521974307	0.6220657276995305	False	1	426
CGATGGC	0.000676132521974307	0.6191446028513238	False	1	491
CGGAAAA	0.000676132521974307	0.5752508361204013	False	1	598
CGGACAA	0.000676132521974307	0.5782312925170068	False	1	294
CGGATAA	0.000676132521974307	0.6078431372549019	False	1	204
CGGGTCT	0.001352265043948614	0.829004329004329	False	2	462
CGTCTCC	0.000676132521974307	0.6022857142857143	False	1	875
CGTCTTC	0.010141987829614604	1.0	True	15	614
CGTGTCT	0.001352265043948614	0.8283712784588442	False	2	571
CTAAGCT	0.000676132521974307	0.6997294860234445	False	1	1109
CTAATCC	0.000676132521974307	0.6630196936542669	False	1	914
CTACCCA	0.000676132521974307	0.6319495922905857	False	1	1349
CTACGTC	0.002028397565922921	0.9473684210526315	False	3	247
CTACTTG	0.000676132521974307	0.6678105696636926	False	1	1457
CTAGATC	0.000676132521974307	0.6512605042016807	False	1	714
CTAGTTC	0.000676132521974307	0.7007481296758105	False	1	802
CTATAGC	0.000676132521974307	0.6832298136645962	False	1	644
CTATATC	0.000676132521974307	0.6717752234993615	False	1	783
CTATCCA	0.001352265043948614	0.844488188976378	False	2	1016
CTCAAAT	0.000676132521974307	0.633398247322298	False	1	2054
CTCAAGG	0.000676132521974307	0.5949948927477018	False	1	1958
CTCAATA	0.000676132521974307	0.6329337094499294	False	1	1418
CTCCAAG	0.000676132521974307	0.5746677091477717	False	1	2558
CTCCACG	0.000676132521974307	0.5739320920043811	False	1	913
CTCCAGG	0.002028397565922921	0.8916643278136402	False	3	3563
CTCCAGT	0.000676132521974307	0.6006026889197961	False	1	2157
CTCCCAG	0.000676132521974307	0.48668526502662945	False	1	3943
CTCCGGG	0.000676132521974307	0.5767676767676768	False	1	990
CTCGTCT	0.000676132521974307	0.6057142857142858	False	1	525
CTCTGTG	0.000676132521974307	0.5735068912710567	False	1	3265
CTGAAAA	0.000676132521974307	0.5380222841225627	False	1	3590
CTGAAGA	0.000676132521974307	0.5205916473317865	False	1	3448
CTGACAT	0.000676132521974307	0.5989988876529477	False	1	1798
CTGAGCT	0.000676132521974307	0.571893063583815	False	1	2768
CTGATCT	0.000676132521974307	0.6345939933259177	False	1	1798
CTGCAAT	0.000676132521974307	0.5969116080937167	False	1	1878
CTGCTCG	0.000676132521974307	0.6223776223776224	False	1	572
CTGGCTC	0.000676132521974307	0.5487578791249537	False	1	2697
CTGGTCT	0.000676132521974307	0.5676691729323309	False	1	2926
CTGTGTC	0.002028397565922921	0.9297965696051057	False	3	2507
CTTAAAT	0.000676132521974307	0.6477208778840743	False	1	1777
CTTCAAG	0.000676132521974307	0.5743613138686131	False	1	2192
CTTCATG	0.000676132521974307	0.5970777612679544	False	1	2019
CTTCCAA	0.012846517917511832	1.0	True	19	2458
CTTCCAC	0.002028397565922921	0.9157982492705294	False	3	2399
CTTCCAG	0.0290736984448952	1.0	True	43	3190
CTTCCAT	0.002028397565922921	0.9326923076923077	False	3	2184
CTTCCCA	0.000676132521974307	0.5492524186455585	False	1	3411
CTTCCCT	0.001352265043948614	0.8020446096654275	False	2	3228
CTTCCGA	0.000676132521974307	0.6291913214990138	False	1	507
CTTCCGG	0.002028397565922921	0.9100145137880987	False	3	689
CTTCCTA	0.000676132521974307	0.6140155728587319	False	1	1798
CTTCCTG	0.001352265043948614	0.7528263103802673	False	2	3892
CTTCTGA	0.000676132521974307	0.5680321872713973	False	1	2734
CTTGTCT	0.001352265043948614	0.8061740890688259	False	2	1976
CTTGTGT	0.000676132521974307	0.6719143576826196	False	1	1588
GAAAAAA	0.000676132521974307	0.44107744107744107	False	1	4752
GAAAAAT	0.002704530087897228	0.9688332445391582	True	4	3754
GAAAATA	0.000676132521974307	0.5170486305198435	False	1	3578
GAAAATC	0.0074374577417173765	0.9995513683266039	True	11	2229
GAAAGAA	0.001352265043948614	0.7247101614003183	False	2	4399
GAAATCC	0.0033806626098715348	0.9857712009106432	True	5	1757
GAAGATC	0.000676132521974307	0.5797940797940798	False	1	1554
GAAGCTC	0.000676132521974307	0.5865951742627346	False	1	1865
GACAATC	0.001352265043948614	0.8399487836107554	False	2	781
GACATTC	0.000676132521974307	0.620845921450151	False	1	1324
GACTATC	0.001352265043948614	0.8507718696397941	False	2	583
GACTTCA	0.000676132521974307	0.5657298277425205	False	1	2206
GAGCTTC	0.000676132521974307	0.5748873873873874	False	1	1776
GATAATC	0.000676132521974307	0.658256880733945	False	1	872
GATAATT	0.000676132521974307	0.6309370988446726	False	1	1558
GATCCAC	0.000676132521974307	0.614596670934699	False	1	1562
GATCTTC	0.002704530087897228	0.9723880597014926	True	4	1340
GATGGCA	0.000676132521974307	0.5987460815047022	False	1	1914
GCAAATC	0.001352265043948614	0.8277777777777777	False	2	1260
GCAAGTC	0.000676132521974307	0.6282051282051282	False	1	1170
GCAATAT	0.000676132521974307	0.6477695167286245	False	1	1076
GCAATTA	0.000676132521974307	0.6521360069747166	False	1	1147
GCACCTG	0.000676132521974307	0.5723608445297504	False	1	2605
GCATCTC	0.001352265043948614	0.8151835718730553	False	2	1607
GCATCTG	0.000676132521974307	0.576533075808788	False	1	2071
GCATCTT	0.000676132521974307	0.6192236598890942	False	1	1623
GCCAATA	0.000676132521974307	0.6772334293948127	False	1	1041
GCCATGT	0.002704530087897228	0.9706871696299856	True	4	2081
GCCTACT	0.000676132521974307	0.6241534988713319	False	1	886
GCCTCCA	0.000676132521974307	0.5349381477766634	False	1	2991
GCGACTT	0.000676132521974307	0.6363636363636364	False	1	308
GCTAATC	0.000676132521974307	0.6735042735042736	False	1	585
GCTACGT	0.000676132521974307	0.6117216117216118	False	1	273
GCTCAAT	0.000676132521974307	0.6432038834951457	False	1	1030
GCTCCAA	0.000676132521974307	0.6106683016554261	False	1	1631
GCTCGTC	0.000676132521974307	0.6221498371335505	False	1	307
GCTGATC	0.000676132521974307	0.6420503909643788	False	1	1151
GCTTCCA	0.002028397565922921	0.922994880546075	False	3	2344
GCTTCCG	0.000676132521974307	0.6093489148580968	False	1	599
GGAAAAA	0.000676132521974307	0.5050543340914835	False	1	3957
GGAAAAT	0.000676132521974307	0.5506746156259805	False	1	3187
GGAAATC	0.002028397565922921	0.9141385231825987	False	3	1747
GGACAAT	0.000676132521974307	0.6090764331210191	False	1	1256
GGATAAT	0.000676132521974307	0.6273546273546273	False	1	1221
GGCACCT	0.000676132521974307	0.6021333333333333	False	1	1875
GGCCTCC	0.000676132521974307	0.5166571753986332	False	1	3512
GGCTCAA	0.000676132521974307	0.5818379554105492	False	1	1839
GGCTTCC	0.000676132521974307	0.5745689655172413	False	1	2320
GGGCTTC	0.000676132521974307	0.5910614525139665	False	1	1790
GGGTCTT	0.002028397565922921	0.9222903885480572	False	3	1467
GGTACGT	0.002028397565922921	0.9635036496350365	True	3	137
GGTATGT	0.000676132521974307	0.7006802721088435	False	1	882
GGTCTTC	0.010141987829614604	0.9992401215805471	True	15	1316
GGTTTCC	0.000676132521974307	0.6010863005431503	False	1	1657
GTAAATC	0.001352265043948614	0.8362694300518134	False	2	965
GTAACCT	0.000676132521974307	0.6434676434676435	False	1	819
GTACGTC	0.002028397565922921	0.9555555555555556	True	3	135
GTATGTC	0.000676132521974307	0.6860622462787551	False	1	739
GTCAAGG	0.000676132521974307	0.611764705882353	False	1	1445
GTCAATC	0.002028397565922921	0.9331103678929766	False	3	598
GTCAGTC	0.000676132521974307	0.652073732718894	False	1	868
GTCAGTG	0.000676132521974307	0.6093052899936265	False	1	1569
GTCCACG	0.000676132521974307	0.6146788990825688	False	1	545
GTCTCCA	0.000676132521974307	0.5812818336162988	False	1	2356
GTCTGCA	0.000676132521974307	0.5513882123721383	False	1	2053
GTCTTCC	0.045300878972278566	1.0	True	67	1823
GTGCTGA	0.000676132521974307	0.6076142131979695	False	1	1970
GTGTCAA	0.000676132521974307	0.6521360069747166	False	1	1147
GTGTCTG	0.000676132521974307	0.6155913978494624	False	1	2232
GTGTCTT	0.005409060175794456	0.9988751406074241	True	8	1778
GTGTGCT	0.000676132521974307	0.6558861578266494	False	1	1546
GTTCTTC	0.000676132521974307	0.6132442960489705	False	1	1797
GTTTCCG	0.000676132521974307	0.6330049261083743	False	1	406
TAAATCA	0.000676132521974307	0.6128385155466399	False	1	1994
TAAATCT	0.001352265043948614	0.8117283950617284	False	2	1944
TAACCTC	0.000676132521974307	0.6217891939769707	False	1	1129
TAAGCTA	0.000676132521974307	0.69965075669383	False	1	859
TAATCCA	0.000676132521974307	0.6579925650557621	False	1	1345
TAATCCT	0.000676132521974307	0.646896551724138	False	1	1450
TAATCTC	0.000676132521974307	0.6443831840110269	False	1	1451
TAATGTC	0.000676132521974307	0.6913809082483782	False	1	1079
TAATTTC	0.000676132521974307	0.640655105973025	False	1	2076
TAATTTG	0.000676132521974307	0.6149312377210217	False	1	2036
TACAGAT	0.000676132521974307	0.6226616782469268	False	1	1871
TACCCAG	0.000676132521974307	0.6231094978826376	False	1	1653
TACGTCT	0.004056795131845842	1.0	True	6	286
TACTGGT	0.000676132521974307	0.6865203761755486	False	1	957
TACTTGT	0.000676132521974307	0.6681654676258992	False	1	1112
TAGATCT	0.000676132521974307	0.6913978494623656	False	1	930
TAGCTTC	0.001352265043948614	0.845096241979835	False	2	1091
TAGTTCT	0.000676132521974307	0.6876553438276719	False	1	1207
TATAGCT	0.000676132521974307	0.6851628468033776	False	1	829
TATATCT	0.000676132521974307	0.6481751824817519	False	1	1370
TATATGT	0.001352265043948614	0.8258426966292135	False	2	1780
TATCCAG	0.000676132521974307	0.6470185058259081	False	1	1459
TATCCAT	0.002028397565922921	0.9462528387585163	False	3	1321
TATCTCC	0.000676132521974307	0.649546827794562	False	1	1324
TATGTCT	0.002028397565922921	0.9306151645207439	False	3	1398
TCAAATA	0.000676132521974307	0.5991735537190083	False	1	2178
TCAAATC	0.000676132521974307	0.6034696406443618	False	1	1614
TCAAATT	0.000676132521974307	0.6090122894856622	False	1	2197
TCAACTG	0.000676132521974307	0.622533418204965	False	1	1571
TCAAGGT	0.002028397565922921	0.928617157490397	False	3	1562
TCAAGTC	0.001352265043948614	0.8151382823871907	False	2	1374
TCAATAT	0.000676132521974307	0.665158371040724	False	1	1547
TCAATCA	0.001352265043948614	0.7950819672131147	False	2	1342
TCAATCC	0.000676132521974307	0.6448311156601843	False	1	977
TCAGGTC	0.000676132521974307	0.6768	False	1	1250
TCAGTCA	0.000676132521974307	0.6330108827085853	False	1	1654
TCAGTGT	0.002028397565922921	0.9359233097880928	False	3	1982
TCATGTC	0.000676132521974307	0.6588235294117647	False	1	1445
TCCAAAA	0.001352265043948614	0.7902678234628442	False	2	2651
TCCAACA	0.0067613252197430695	1.0	True	10	1785
TCCAACC	0.000676132521974307	0.6332831325301205	False	1	1328
TCCAACG	0.000676132521974307	0.6164383561643836	False	1	292
TCCAACT	0.000676132521974307	0.6126847290640394	False	1	1624
TCCAAGA	0.000676132521974307	0.5732345248474281	False	1	2294
TCCAAGT	0.002028397565922921	0.9277008310249307	False	3	1805
TCCAATA	0.001352265043948614	0.8499142367066895	False	2	1166
TCCAATG	0.000676132521974307	0.6290064102564102	False	1	1248
TCCACAT	0.002028397565922921	0.9353146853146853	False	3	2002
TCCACCA	0.002028397565922921	0.9065860215053764	False	3	2232
TCCACGT	0.005409060175794456	0.9972375690607734	True	8	724
TCCAGAA	0.010141987829614604	0.9996995192307693	True	15	3328
TCCAGAC	0.002028397565922921	0.9181271907861792	False	3	1997
TCCAGAT	0.001352265043948614	0.8164621676891616	False	2	1956
TCCAGCA	0.005409060175794456	0.9981543004798819	True	8	2709
TCCAGCC	0.001352265043948614	0.7574424022780223	False	2	3863
TCCAGCG	0.000676132521974307	0.5962910128388017	False	1	701
TCCAGCT	0.000676132521974307	0.5492627345844504	False	1	2984
TCCAGGA	0.002704530087897228	0.9657910812461821	True	4	3274
TCCAGGG	0.000676132521974307	0.5646616541353383	False	1	2660
TCCAGGT	0.004732927653820149	0.9990675990675991	True	7	2145
TCCAGTA	0.002028397565922921	0.9475770925110132	False	3	1135
TCCAGTC	0.0033806626098715348	0.9924724956572091	True	5	1727
TCCAGTG	0.001352265043948614	0.8207244383310408	False	2	2181
TCCATAG	0.000676132521974307	0.6580459770114943	False	1	1044
TCCATCA	0.002028397565922921	0.9260458167330677	False	3	2008
TCCATGT	0.0067613252197430695	1.0	True	10	2012
TCCCAAC	0.000676132521974307	0.6098319850653391	False	1	1607
TCCCAGT	0.000676132521974307	0.6169820027688048	False	1	2167
TCCCTCA	0.000676132521974307	0.61171910624715	False	1	2193
TCCCTTA	0.000676132521974307	0.6501706484641638	False	1	1172
TCCGAAA	0.000676132521974307	0.6099476439790575	False	1	382
TCCGATG	0.000676132521974307	0.594488188976378	False	1	254
TCCGGAA	0.000676132521974307	0.5824561403508772	False	1	570
TCCGGAC	0.000676132521974307	0.5050505050505051	False	1	396
TCCGGAT	0.000676132521974307	0.638728323699422	False	1	346
TCCGGGT	0.001352265043948614	0.8397291196388262	False	2	443
TCCGTGT	0.001352265043948614	0.8417132216014898	False	2	537
TCCTATA	0.000676132521974307	0.6587064676616915	False	1	1005
TCCTGAA	0.001352265043948614	0.7795815295815296	False	2	2772
TCCTGAG	0.000676132521974307	0.5376044568245125	False	1	3590
TCCTTGT	0.001352265043948614	0.8419421487603306	False	2	1936
TCGTCTT	0.000676132521974307	0.5982905982905983	False	1	468
TCTACGT	0.001352265043948614	0.8575757575757575	False	2	330
TCTAGAT	0.000676132521974307	0.6755593803786575	False	1	1162
TCTAGTT	0.000676132521974307	0.6802325581395349	False	1	1204
TCTATAG	0.000676132521974307	0.6839080459770115	False	1	870
TCTCAAG	0.000676132521974307	0.592685370741483	False	1	1996
TCTCCAC	0.000676132521974307	0.6034338358458962	False	1	2388
TCTCCAG	0.002028397565922921	0.8977207155222158	False	3	3466
TCTCTGT	0.000676132521974307	0.5846430910281598	False	1	3054
TCTGACA	0.000676132521974307	0.6202052944354403	False	1	1851
TCTGCAA	0.000676132521974307	0.5721669980119284	False	1	2515
TCTGCTC	0.000676132521974307	0.5658207771609833	False	1	2522
TCTGTGT	0.001352265043948614	0.8120658135283364	False	2	2735
TCTTCAT	0.000676132521974307	0.5733282674772037	False	1	2632
TCTTCCA	0.04394861392832995	1.0	True	65	2881
TCTTCCC	0.002028397565922921	0.9356033874382498	False	3	2834
TCTTCCG	0.002028397565922921	0.9293893129770993	False	3	524
TCTTCCT	0.002028397565922921	0.9092949564298918	False	3	3787
TCTTCTG	0.000676132521974307	0.5498422712933754	False	1	3170
TGAAAAT	0.000676132521974307	0.529862792574657	False	1	3717
TGAAGAT	0.000676132521974307	0.5361702127659574	False	1	2820
TGACATT	0.000676132521974307	0.6110841030627127	False	1	2057
TGAGCTT	0.000676132521974307	0.6144994246260069	False	1	1738
TGATCTT	0.000676132521974307	0.6161356628982528	False	1	1946
TGCAATA	0.000676132521974307	0.6341463414634146	False	1	1312
TGCTCGT	0.000676132521974307	0.6460176991150443	False	1	339
TGCTGAT	0.000676132521974307	0.6141611082606465	False	1	1949
TGGCACC	0.000676132521974307	0.6082872928176796	False	1	1810
TGGCCTC	0.000676132521974307	0.5545893719806764	False	1	3105
TGGCTCA	0.000676132521974307	0.5266541655504956	False	1	3733
TGGGTCT	0.000676132521974307	0.6129766647694934	False	1	1757
TGGTCTT	0.000676132521974307	0.62320230105465	False	1	2086
TGTCAAG	0.000676132521974307	0.6115107913669064	False	1	1390
TGTCTGC	0.000676132521974307	0.5950299125632765	False	1	2173
TGTCTTC	0.0196078431372549	1.0	True	29	2516
TGTGCTG	0.000676132521974307	0.5867895545314901	False	1	2604
TGTGTCA	0.000676132521974307	0.6472134595162986	False	1	1902
TGTGTCT	0.002028397565922921	0.9320015366884364	False	3	2603
TTAAATC	0.000676132521974307	0.6299332119004251	False	1	1647
TTAATGT	0.000676132521974307	0.6367713004484304	False	1	1784
TTACTGG	0.000676132521974307	0.6756352765321375	False	1	1338
TTCAAGG	0.000676132521974307	0.608290638099674	False	1	2147
TTCAAGT	0.000676132521974307	0.6141989724427838	False	1	2141
TTCAGGT	0.000676132521974307	0.6633605600933489	False	1	1714
TTCATGT	0.000676132521974307	0.633729216152019	False	1	2105
TTCCAAA	0.001352265043948614	0.7939495798319328	False	2	2975
TTCCAAC	0.00878972278566599	1.0	True	13	1573
TTCCAAG	0.000676132521974307	0.597696421225833	False	1	2431
TTCCAAT	0.002028397565922921	0.9520142180094787	True	3	1688
TTCCACC	0.002028397565922921	0.9173040152963671	False	3	2092
TTCCAGA	0.012846517917511832	1.0	True	19	3053
TTCCAGC	0.008113590263691683	0.9996343692870201	True	12	2735
TTCCAGG	0.002704530087897228	0.974272173324306	True	4	2954
TTCCAGT	0.005409060175794456	0.9995567375886525	True	8	2256
TTCCATC	0.002028397565922921	0.9309309309309309	False	3	1998
TTCCCAA	0.000676132521974307	0.5928805237315876	False	1	2444
TTCCCTC	0.000676132521974307	0.5908543922984356	False	1	2493
TTCCCTT	0.000676132521974307	0.5970873786407767	False	1	2678
TTCCGAA	0.000676132521974307	0.5925925925925926	False	1	378
TTCCGAT	0.000676132521974307	0.5934579439252337	False	1	214
TTCCGGA	0.002028397565922921	0.9074410163339383	False	3	551
TTCCTAT	0.000676132521974307	0.6351271437019516	False	1	1691
TTCCTGA	0.001352265043948614	0.7868180384736676	False	2	3171
TTCTGAC	0.000676132521974307	0.6217391304347826	False	1	1840
TTCTTCC	0.000676132521974307	0.56480920654149	False	1	3302
TTGGGTC	0.000676132521974307	0.6164747564216121	False	1	1129
TTGTCTT	0.001352265043948614	0.8163178129004699	False	2	2341
TTGTGTC	0.000676132521974307	0.6525367156208278	False	1	1498
TTTCAAG	0.000676132521974307	0.5924543946932007	False	1	2412
TTTCCGA	0.000676132521974307	0.6649616368286445	False	1	391
TTTGGGT	0.000676132521974307	0.6543604651162791	False	1	1720
